Jaar,Week,Categorie,Groep,AantalTesten,AantalPositief,PercentagePositief
2020,37,BCO,Getest ihkv BCO,1547,349,22.559793148028444
2020,37,Kinderen/Jongvolwassen (0-24),Kinderen 0-6 jaar,1214,18,1.4827018121911038
2020,37,Kinderen/Jongvolwassen (0-24),Kinderen 7-12 jaar,12720,142,1.1163522012578615
2020,37,Kinderen/Jongvolwassen (0-24),Kinderen 13-18 jaar,21639,421,1.9455612551411803
2020,37,Zorgmedewerkers,Zorgmedewerkers,11678,369,3.1597876348689846
2020,37,Onderwijs,Onderwijs/kinderopvang,19012,386,2.030296654744372
2020,37,Mantelzorgers,Mantelzorgers,377,13,3.4482758620689653
2020,37,Contactberoep,Contactberoep,22692,897,3.952934955050238
2020,37,Horeca,Horeca,4676,272,5.816937553464499
2020,37,Handhaving,Handhaving,1467,49,3.3401499659168374
2020,37,Overig/onbekend,Overig/onbekend,91876,4503,4.901171143715442
2020,38,BCO,Getest ihkv BCO,1754,479,27.309007981755983
2020,38,Kinderen/Jongvolwassen (0-24),Kinderen 0-6 jaar,829,11,1.3268998793727382
2020,38,Kinderen/Jongvolwassen (0-24),Kinderen 7-12 jaar,10010,180,1.7982017982017984
2020,38,Kinderen/Jongvolwassen (0-24),Kinderen 13-18 jaar,22762,689,3.0269747825322906
2020,38,Zorgmedewerkers,Zorgmedewerkers,9358,485,5.182731352853174
2020,38,Onderwijs,Onderwijs/kinderopvang,16633,666,4.00408825828173
2020,38,Mantelzorgers,Mantelzorgers,350,23,6.571428571428571
2020,38,Contactberoep,Contactberoep,20559,1247,6.065470110413931
2020,38,Horeca,Horeca,4484,386,8.608385370205173
2020,38,Handhaving,Handhaving,1263,65,5.146476642913698
2020,38,Overig/onbekend,Overig/onbekend,81314,6132,7.541136827606562
2020,39,Kinderen/Jongvolwassen (0-24),Kinderen 0-3 jaar,72,1,1.3888888888888888
2020,39,Kinderen/Jongvolwassen (0-24),Kinderen 4-11 jaar,1151,62,5.386620330147697
2020,39,Kinderen/Jongvolwassen (0-24),Kinderen 12-17 jaar,23414,867,3.7029127872213206
2020,39,Zorgmedewerkers,Zorgmedewerkers,13484,764,5.665974488282409
2020,39,Onderwijs,Onderwijs/kinderopvang,15626,778,4.978881351593499
2020,39,Mantelzorgers,Mantelzorgers,432,32,7.4074074074074066
2020,39,Horeca,Horeca,3996,424,10.61061061061061
2020,39,Handhaving,Handhaving,1256,98,7.802547770700636
2020,39,Contactberoep,Contactberoep,19118,1455,7.610628726854274
2020,39,Overig/onbekend,Overig/onbekend,73479,6429,8.749438615114522
2020,39,BCO,Getest ihkv BCO,1561,390,24.98398462524023
2020,40,Kinderen/Jongvolwassen (0-24),Kinderen 0-3 jaar,55,7,12.727272727272727
2020,40,Kinderen/Jongvolwassen (0-24),Kinderen 4-11 jaar,610,46,7.540983606557377
2020,40,Kinderen/Jongvolwassen (0-24),Kinderen 12-17 jaar,13317,749,5.62438987760006
2020,40,Zorgmedewerkers,Zorgmedewerkers,10585,809,7.642890883325461
2020,40,Onderwijs,Onderwijs/kinderopvang,11061,715,6.4641533315251785
2020,40,Mantelzorgers,Mantelzorgers,361,23,6.3711911357340725
2020,40,Horeca,Horeca,2888,345,11.945983379501385
2020,40,Handhaving,Handhaving,943,66,6.998939554612937
2020,40,Contactberoep,Contactberoep,14102,1277,9.055453127215998
2020,40,Overig/onbekend,Overig/onbekend,55634,5750,10.33540640615451
2020,40,BCO,Getest ihkv BCO,1031,270,26.188166828322018
2020,41,Kinderen/Jongvolwassen (0-24),Kinderen 0-3 jaar,136,13,9.558823529411764
2020,41,Kinderen/Jongvolwassen (0-24),Kinderen 4-11 jaar,1626,235,14.452644526445265
2020,41,Kinderen/Jongvolwassen (0-24),Kinderen 12-17 jaar,23917,2570,10.745494836308902
2020,41,Zorgmedewerkers,Zorgmedewerkers,20086,2277,11.336254107338444
2020,41,Onderwijs,Onderwijs/kinderopvang,19977,2057,10.296841367572709
2020,41,Mantelzorgers,Mantelzorgers,776,90,11.597938144329897
2020,41,Horeca,Horeca,5249,823,15.679176986092589
2020,41,Handhaving,Handhaving,2062,253,12.269641125121241
2020,41,Contactberoep,Contactberoep,29651,3956,13.341877171090353
2020,41,Overig/onbekend,Overig/onbekend,134207,20120,14.991766450334184
2020,41,BCO,Getest ihkv BCO,1952,644,32.99180327868852
2020,42,Kinderen/Jongvolwassen (0-24),Kinderen 0-3 jaar,183,17,9.289617486338798
2020,42,Kinderen/Jongvolwassen (0-24),Kinderen 4-11 jaar,2146,334,15.563839701770737
2020,42,Kinderen/Jongvolwassen (0-24),Kinderen 12-17 jaar,20072,2787,13.885013949780788
2020,42,Zorgmedewerkers,Zorgmedewerkers,24064,2749,11.423703457446809
2020,42,Onderwijs,Onderwijs/kinderopvang,20279,2156,10.631687953054884
2020,42,Mantelzorgers,Mantelzorgers,862,124,14.385150812064964
2020,42,Horeca,Horeca,5552,845,15.219740634005763
2020,42,Handhaving,Handhaving,2572,325,12.636080870917574
2020,42,Contactberoep,Contactberoep,35314,4799,13.589511242000341
2020,42,Overig/onbekend,Overig/onbekend,156899,24171,15.405451914926163
2020,42,BCO,Getest ihkv BCO,1810,552,30.497237569060776
2020,43,Kinderen/Jongvolwassen (0-24),Kinderen 0-3 jaar,224,26,11.607142857142858
2020,43,Kinderen/Jongvolwassen (0-24),Kinderen 4-11 jaar,2582,559,21.649883810999228
2020,43,Kinderen/Jongvolwassen (0-24),Kinderen 12-17 jaar,17003,3423,20.13174145738987
2020,43,Zorgmedewerkers,Zorgmedewerkers,24193,3638,15.037407514570331
2020,43,Onderwijs,Onderwijs/kinderopvang,18245,2566,14.064127158125514
2020,43,Mantelzorgers,Mantelzorgers,958,120,12.526096033402922
2020,43,Horeca,Horeca,5036,892,17.712470214455916
2020,43,Handhaving,Handhaving,2788,413,14.813486370157818
2020,43,Contactberoep,Contactberoep,37425,6169,16.48363393453574
2020,43,Overig/onbekend,Overig/onbekend,175087,32740,18.699275217463317
2020,43,BCO,Getest ihkv BCO,1686,620,36.773428232502965
2020,44,Kinderen/Jongvolwassen (0-24),Kinderen 0-3 jaar,251,19,7.569721115537849
2020,44,Kinderen/Jongvolwassen (0-24),Kinderen 4-11 jaar,2548,557,21.860282574568288
2020,44,Kinderen/Jongvolwassen (0-24),Kinderen 12-17 jaar,21756,3818,17.54918183489612
2020,44,Zorgmedewerkers,Zorgmedewerkers,24342,3371,13.848492317804617
2020,44,Onderwijs,Onderwijs/kinderopvang,20024,2148,10.727127447063523
2020,44,Mantelzorgers,Mantelzorgers,951,155,16.298633017875922
2020,44,Horeca,Horeca,3823,528,13.811143081349725
2020,44,Handhaving,Handhaving,3059,440,14.383785550833606
2020,44,Contactberoep,Contactberoep,38171,5717,14.97733881742684
2020,44,Overig/onbekend,Overig/onbekend,175958,31129,17.69115357073847
2020,44,BCO,Getest ihkv BCO,1730,613,35.433526011560694
2020,45,Kinderen/Jongvolwassen (0-24),Kinderen 0-3 jaar,225,28,12.444444444444445
2020,45,Kinderen/Jongvolwassen (0-24),Kinderen 4-11 jaar,2569,462,17.983651226158038
2020,45,Kinderen/Jongvolwassen (0-24),Kinderen 12-17 jaar,19317,2843,14.71760625355904
2020,45,Zorgmedewerkers,Zorgmedewerkers,20771,2563,12.33931924317558
2020,45,Onderwijs,Onderwijs/kinderopvang,19190,1776,9.254820218863992
2020,45,Mantelzorgers,Mantelzorgers,750,88,11.733333333333333
2020,45,Horeca,Horeca,2789,364,13.051272857655075
2020,45,Handhaving,Handhaving,2348,291,12.393526405451448
2020,45,Contactberoep,Contactberoep,31588,4107,13.001772825123464
2020,45,Overig/onbekend,Overig/onbekend,140865,22035,15.64263656692578
2020,45,BCO,Getest ihkv BCO,1736,581,33.46774193548387
2020,46,Kinderen/Jongvolwassen (0-24),Kinderen 0-3 jaar,229,23,10.043668122270741
2020,46,Kinderen/Jongvolwassen (0-24),Kinderen 4-11 jaar,2860,497,17.37762237762238
2020,46,Kinderen/Jongvolwassen (0-24),Kinderen 12-17 jaar,19994,3030,15.154546363909171
2020,46,Zorgmedewerkers,Zorgmedewerkers,19700,2281,11.578680203045685
2020,46,Onderwijs,Onderwijs/kinderopvang,19021,1739,9.142526681036749
2020,46,Mantelzorgers,Mantelzorgers,756,101,13.35978835978836
2020,46,Horeca,Horeca,2199,243,11.050477489768076
2020,46,Handhaving,Handhaving,2156,240,11.131725417439704
2020,46,Contactberoep,Contactberoep,27737,3458,12.467101705303385
2020,46,Overig/onbekend,Overig/onbekend,129584,18947,14.621403877021855
2020,46,BCO,Getest ihkv BCO,1847,660,35.733622089875475
2020,47,Kinderen/Jongvolwassen (0-24),Kinderen 0-3 jaar,267,22,8.239700374531834
2020,47,Kinderen/Jongvolwassen (0-24),Kinderen 4-11 jaar,3467,541,15.60426882030574
2020,47,Kinderen/Jongvolwassen (0-24),Kinderen 12-17 jaar,26339,3853,14.628497665059417
2020,47,Zorgmedewerkers,Zorgmedewerkers,21359,2177,10.192424738985908
2020,47,Onderwijs,Onderwijs/kinderopvang,20953,1681,8.022717510619003
2020,47,Mantelzorgers,Mantelzorgers,762,69,9.05511811023622
2020,47,Horeca,Horeca,2207,209,9.469868599909379
2020,47,Handhaving,Handhaving,2267,235,10.366122629025142
2020,47,Contactberoep,Contactberoep,29998,3294,10.980732048803253
2020,47,Overig/onbekend,Overig/onbekend,141780,17487,12.333897587812103
2020,47,BCO,Getest ihkv BCO,2291,735,32.08206023570494
2020,48,Kinderen/Jongvolwassen (0-24),Kinderen 0-3 jaar,270,27,10.0
2020,48,Kinderen/Jongvolwassen (0-24),Kinderen 4-11 jaar,4748,723,15.227464195450716
2020,48,Kinderen/Jongvolwassen (0-24),Kinderen 12-17 jaar,31511,3680,11.67846148963854
2020,48,Zorgmedewerkers,Zorgmedewerkers,21446,2082,9.708104075352047
2020,48,Onderwijs,Onderwijs/kinderopvang,22087,1622,7.34368633132612
2020,48,Mantelzorgers,Mantelzorgers,756,80,10.582010582010582
2020,48,Horeca,Horeca,2159,218,10.097267253358035
2020,48,Handhaving,Handhaving,2382,231,9.697732997481108
2020,48,Contactberoep,Contactberoep,29681,3037,10.23213503588154
2020,48,Overig/onbekend,Overig/onbekend,142541,16614,11.655593829143896
2020,48,BCO,Getest ihkv BCO,1297,386,29.760986892829607
2020,49,Kinderen/Jongvolwassen (0-24),Kinderen 0-3 jaar,417,51,12.23021582733813
2020,49,Kinderen/Jongvolwassen (0-24),Kinderen 4-12 jaar,11515,1770,15.371254884932698
2020,49,Kinderen/Jongvolwassen (0-24),Kinderen 13-17 jaar,37084,4707,12.692805522597347
2020,49,Kinderen/Jongvolwassen (0-24),Jongvolwassenen 18-24 jaar,40781,4699,11.522522743434441
2020,49,Zorgmedewerkers,Zorgmedewerkers ziekenhuizen,2275,233,10.241758241758243
2020,49,Zorgmedewerkers,Zorgmedewerkers verpleeg- of verzorgingshuizen,5359,755,14.088449337562977
2020,49,Zorgmedewerkers,Zorgmedewerkers elders,14153,1293,9.13587225323253
2020,49,Onderwijs,Kinderopvang medewerkers,2157,190,8.80853036624942
2020,49,Onderwijs,Basisschool- en BSO personeel,10265,809,7.881149537262543
2020,49,Onderwijs,Middelbaar onderwijspersoneel,5013,452,9.016556951924995
2020,49,Onderwijs,Hoger onderwijspersoneel,4180,369,8.827751196172247
2020,49,Horeca,Horeca,1476,149,10.094850948509485
2020,49,OV medewerkers,OV medewerkers,600,88,14.666666666666666
2020,49,Handhaving,Handhaving,2641,284,10.753502461188944
2020,49,Contactberoep,"Kappers, manicures, pedicures en schoonheidsspecialisten",1228,148,12.052117263843648
2020,49,Contactberoep,Overige contactberoepen,27401,3018,11.014196562169264
2020,49,Mantelzorgers,Mantelzorgers,685,67,9.781021897810218
2020,49,Overige niet-contact beroepen,Overige niet-contact beroepen,63623,6320,9.933514609496566
2020,49,BCO,Getest ihkv BCO,0,0,
2020,49,Overig/onbekend,Overig/onbekend,89352,11865,13.278941713671772
2020,50,Kinderen/Jongvolwassen (0-24),Kinderen 0-3 jaar,634,81,12.77602523659306
2020,50,Kinderen/Jongvolwassen (0-24),Kinderen 4-12 jaar,18469,2907,15.739888461746709
2020,50,Kinderen/Jongvolwassen (0-24),Kinderen 13-17 jaar,50951,6873,13.489431021962279
2020,50,Kinderen/Jongvolwassen (0-24),Jongvolwassenen 18-24 jaar,52564,6223,11.838901149075413
2020,50,Zorgmedewerkers,Zorgmedewerkers ziekenhuizen,3034,318,10.481212920237311
2020,50,Zorgmedewerkers,Zorgmedewerkers verpleeg- of verzorgingshuizen,7548,1054,13.963963963963963
2020,50,Zorgmedewerkers,Zorgmedewerkers elders,19350,1918,9.912144702842378
2020,50,Onderwijs,Kinderopvang medewerkers,2926,291,9.945317840054683
2020,50,Onderwijs,Basisschool- en BSO personeel,13957,1239,8.877265888084832
2020,50,Onderwijs,Middelbaar onderwijspersoneel,6912,622,8.998842592592593
2020,50,Onderwijs,Hoger onderwijspersoneel,5438,551,10.132401618242001
2020,50,Horeca,Horeca,1865,200,10.723860589812332
2020,50,OV medewerkers,OV medewerkers,800,98,12.25
2020,50,Handhaving,Handhaving,3267,346,10.5907560453015
2020,50,Contactberoep,"Kappers, manicures, pedicures en schoonheidsspecialisten",1430,181,12.657342657342657
2020,50,Contactberoep,Overige contactberoepen,37117,4130,11.126976856965811
2020,50,Mantelzorgers,Mantelzorgers,955,83,8.691099476439792
2020,50,Overige niet-contact beroepen,Overige niet-contact beroepen,85547,9072,10.604696833319696
2020,50,BCO,Getest ihkv BCO,0,0,
2020,50,Overig/onbekend,Overig/onbekend,126750,16626,13.11715976331361
2020,51,Zorgmedewerkers,Zorgmedewerkers ziekenhuizen,4288,482,11.240671641791044
2020,51,Zorgmedewerkers,Zorgmedewerkers verpleeg- of verzorgingshuizen,11368,1764,15.517241379310345
2020,51,Zorgmedewerkers,Zorgmedewerkers elders,25330,2932,11.575207264113699
2020,51,Onderwijs,Kinderopvang medewerkers,3921,462,11.782708492731446
2020,51,Onderwijs,Basisschool- en BSO personeel,14380,1765,12.273991655076495
2020,51,Onderwijs,Middelbaar onderwijspersoneel,7677,919,11.970821935651948
2020,51,Onderwijs,Hoger onderwijspersoneel,6677,812,12.161150217163396
2020,51,Horeca,Horeca,4621,519,11.231335208829258
2020,51,OV medewerkers,OV medewerkers,972,135,13.88888888888889
2020,51,Handhaving,Handhaving,4196,479,11.415633937082937
2020,51,Contactberoep,"Kappers, manicures, pedicures en schoonheidsspecialisten",2186,299,13.677950594693506
2020,51,Contactberoep,Overige contactberoepen,58170,7635,13.125322331098504
2020,51,Mantelzorgers,Mantelzorgers,1232,119,9.659090909090908
2020,51,Overige niet-contact beroepen,Overige niet-contact beroepen,111222,13599,12.226897556238873
2020,51,BCO,Getest ihkv BCO (0-17 jaar),0,0,
2020,51,BCO,Getest ihkv BCO (18+),0,0,
2020,51,Overig/onbekend,Overig/onbekend,220431,33009,14.974754004654518
2020,52,Zorgmedewerkers,Zorgmedewerkers ziekenhuizen,4527,444,9.807819748177602
2020,52,Zorgmedewerkers,Zorgmedewerkers verpleeg- of verzorgingshuizen,10466,1575,15.048729218421556
2020,52,Zorgmedewerkers,Zorgmedewerkers elders,22179,2373,10.699310158257811
2020,52,Onderwijs,Kinderopvang medewerkers,2840,326,11.47887323943662
2020,52,Onderwijs,Basisschool- en BSO personeel,8567,968,11.299171238473212
2020,52,Onderwijs,Middelbaar onderwijspersoneel,4223,425,10.06393559081222
2020,52,Onderwijs,Hoger onderwijspersoneel,4905,481,9.80632008154944
2020,52,Horeca,Horeca,3492,366,10.481099656357388
2020,52,OV medewerkers,OV medewerkers,894,119,13.31096196868009
2020,52,Handhaving,Handhaving,3242,356,10.980876002467612
2020,52,Contactberoep,"Kappers, manicures, pedicures en schoonheidsspecialisten",1190,156,13.109243697478993
2020,52,Contactberoep,Overige contactberoepen,44800,5759,12.854910714285714
2020,52,Mantelzorgers,Mantelzorgers,999,87,8.708708708708707
2020,52,Overige niet-contact beroepen,Overige niet-contact beroepen,96896,10807,11.153195178335535
2020,52,BCO,Getest ihkv BCO (0-17 jaar),0,0,
2020,52,BCO,Getest ihkv BCO (18+),0,0,
2020,52,Overig/onbekend,Overig/onbekend,199873,28905,14.461683168812195
2020,53,Zorgmedewerkers,Zorgmedewerkers verpleeg- of verzorgingshuizen,10493,1517,14.457257219098446
2020,53,Zorgmedewerkers,Zorgmedewerkers elders,19251,2136,11.095527505064672
2020,53,Onderwijs,Kinderopvang medewerkers,1757,215,12.236767216846898
2020,53,Onderwijs,Basisschool- en BSO personeel,3336,364,10.911270983213429
2020,53,Onderwijs,Middelbaar onderwijspersoneel,1548,140,9.043927648578812
2020,53,Onderwijs,Hoger onderwijspersoneel,1819,161,8.851017042330952
2020,53,Horeca,Horeca,3030,311,10.264026402640264
2020,53,OV medewerkers,OV medewerkers,780,112,14.358974358974358
2020,53,Handhaving,Handhaving,2580,265,10.271317829457365
2020,53,Contactberoep,"Kappers, manicures, pedicures en schoonheidsspecialisten",236,46,19.491525423728813
2020,53,Contactberoep,Overige contactberoepen,33404,4352,13.028379834750329
2020,53,Mantelzorgers,Mantelzorgers,896,87,9.709821428571429
2020,53,Overige niet-contact beroepen,Overige niet-contact beroepen,70977,8578,12.085605196049425
2020,53,BCO,Getest ihkv BCO (0-17 jaar),0,0,
2020,53,BCO,Getest ihkv BCO (18+),0,0,
2020,53,Overig/onbekend,Overig/onbekend,195339,29040,14.866462918311244
2021,1,Zorgmedewerkers,Zorgmedewerkers ziekenhuizen,2940,319,10.850340136054422
2021,1,Zorgmedewerkers,Zorgmedewerkers verpleeg- of verzorgingshuizen,9628,1397,14.509763190693809
2021,1,Zorgmedewerkers,Zorgmedewerkers elders,17397,1807,10.386848307179399
2021,1,Onderwijs,Kinderopvang medewerkers,1703,183,10.74574280681151
2021,1,Onderwijs,Basisschool- en BSO personeel,3615,334,9.239280774550485
2021,1,Onderwijs,Middelbaar onderwijspersoneel,1873,152,8.11532301121196
2021,1,Onderwijs,Hoger onderwijspersoneel,1525,112,7.344262295081967
2021,1,Horeca,Horeca,2984,339,11.36058981233244
2021,1,OV medewerkers,OV medewerkers,736,103,13.994565217391305
2021,1,Handhaving,Handhaving,2704,254,9.393491124260354
2021,1,Contactberoep,"Kappers, manicures, pedicures en schoonheidsspecialisten",133,13,9.774436090225564
2021,1,Contactberoep,Overige contactberoepen,33590,3844,11.44388210777017
2021,1,Mantelzorgers,Mantelzorgers,766,62,8.093994778067886
2021,1,Overige niet-contact beroepen,Overige niet-contact beroepen,64546,7148,11.074272611780746
2021,1,BCO,Getest ihkv BCO (0-17 jaar),0,0,
2021,1,BCO,Getest ihkv BCO (18+),0,0,
2021,1,Overig/onbekend,Overig/onbekend,179965,25533,14.187758730864337
2021,2,Zorgmedewerkers,Zorgmedewerkers ziekenhuizen,3121,292,9.355975648830503
2021,2,Zorgmedewerkers,Zorgmedewerkers verpleeg- of verzorgingshuizen,8354,1113,13.322959061527412
2021,2,Zorgmedewerkers,Zorgmedewerkers elders,16218,1551,9.563448020717722
2021,2,Onderwijs,Kinderopvang medewerkers,2141,188,8.780943484353106
2021,2,Onderwijs,Basisschool- en BSO personeel,4639,337,7.264496658762665
2021,2,Onderwijs,Middelbaar onderwijspersoneel,2473,171,6.914678528103519
2021,2,Onderwijs,Hoger onderwijspersoneel,2204,143,6.488203266787659
2021,2,Horeca,Horeca,2110,192,9.09952606635071
2021,2,OV medewerkers,OV medewerkers,669,80,11.958146487294469
2021,2,Handhaving,Handhaving,2650,223,8.415094339622641
2021,2,Contactberoep,"Kappers, manicures, pedicures en schoonheidsspecialisten",126,18,14.285714285714285
2021,2,Contactberoep,Overige contactberoepen,33411,3431,10.269073059770733
2021,2,Mantelzorgers,Mantelzorgers,712,58,8.146067415730338
2021,2,Overige niet-contact beroepen,Overige niet-contact beroepen,65189,6319,9.693353173081348
2021,2,BCO,Getest ihkv BCO (0-17 jaar),0,0,
2021,2,BCO,Getest ihkv BCO (18+),0,0,
2021,2,Overig/onbekend,Overig/onbekend,149102,18073,12.12123244490349
2021,3,Zorgmedewerkers,Zorgmedewerkers ziekenhuizen,2390,216,9.037656903765692
2021,3,Zorgmedewerkers,Zorgmedewerkers verpleeg- of verzorgingshuizen,5941,805,13.549907422992764
2021,3,Zorgmedewerkers,Zorgmedewerkers elders,12633,1073,8.493627800205811
2021,3,Onderwijs,Kinderopvang medewerkers,1758,122,6.939704209328783
2021,3,Onderwijs,Basisschool- en BSO personeel,4041,222,5.4936896807720865
2021,3,Onderwijs,Middelbaar onderwijspersoneel,1998,89,4.454454454454455
2021,3,Onderwijs,Hoger onderwijspersoneel,2082,116,5.571565802113352
2021,3,Horeca,Horeca,1795,141,7.855153203342619
2021,3,OV medewerkers,OV medewerkers,561,64,11.408199643493761
2021,3,Handhaving,Handhaving,2050,172,8.390243902439025
2021,3,Contactberoep,"Kappers, manicures, pedicures en schoonheidsspecialisten",82,5,6.097560975609756
2021,3,Contactberoep,Overige contactberoepen,25133,2277,9.059801854135996
2021,3,Mantelzorgers,Mantelzorgers,617,49,7.941653160453808
2021,3,Overige niet-contact beroepen,Overige niet-contact beroepen,49364,3980,8.062555708613564
2021,3,BCO,Getest ihkv BCO (0-17 jaar),7049,1674,23.74804936870478
2021,3,BCO,Getest ihkv BCO (18+),46705,8523,18.24858152232095
2021,3,Overig/onbekend,Overig/onbekend,104404,9902,9.484310945940768
2021,4,Zorgmedewerkers,Zorgmedewerkers ziekenhuizen,426,45,10.56338028169014
2021,4,Zorgmedewerkers,Zorgmedewerkers verpleeg- of verzorgingshuizen,1339,171,12.77072442120986
2021,4,Zorgmedewerkers,Zorgmedewerkers elders,2614,228,8.722264728385616
2021,4,Onderwijs,Kinderopvang medewerkers,346,32,9.248554913294797
2021,4,Onderwijs,Basisschool- en BSO personeel,867,54,6.228373702422145
2021,4,Onderwijs,Middelbaar onderwijspersoneel,397,18,4.534005037783375
2021,4,Onderwijs,Hoger onderwijspersoneel,411,23,5.59610705596107
2021,4,Horeca,Horeca,315,22,6.984126984126984
2021,4,OV medewerkers,OV medewerkers,102,10,9.803921568627452
2021,4,Handhaving,Handhaving,405,38,9.382716049382717
2021,4,Contactberoep,"Kappers, manicures, pedicures en schoonheidsspecialisten",17,1,5.88235294117647
2021,4,Contactberoep,Overige contactberoepen,5269,495,9.394572025052192
2021,4,Mantelzorgers,Mantelzorgers,139,14,10.071942446043165
2021,4,Overige niet-contact beroepen,Overige niet-contact beroepen,9604,828,8.621407746772178
2021,4,BCO,Getest ihkv BCO (0-17 jaar),374,69,18.449197860962567
2021,4,BCO,Getest ihkv BCO (4-12 jaar),2840,671,23.62676056338028
2021,4,BCO,Getest ihkv BCO (0-17 jaar),2989,673,22.515891602542656
2021,4,BCO,Getest ihkv BCO (18+),35751,6524,18.248440603060054
2021,4,Overig/onbekend,Overig/onbekend,144254,13910,9.642713546938039
2021,5,Zorgmedewerkers,Zorgmedewerkers ziekenhuizen,1536,117,7.6171875
2021,5,Zorgmedewerkers,Zorgmedewerkers verpleeg- of verzorgingshuizen,4019,454,11.296342373724807
2021,5,Zorgmedewerkers,Zorgmedewerkers elders,9107,737,8.092675963544526
2021,5,Onderwijs,Kinderopvang medewerkers,1593,100,6.277463904582549
2021,5,Onderwijs,Basisschool- en BSO personeel,4024,192,4.7713717693836974
2021,5,Onderwijs,Middelbaar onderwijspersoneel,1582,82,5.183312262958281
2021,5,Onderwijs,Hoger onderwijspersoneel,1528,67,4.384816753926701
2021,5,Horeca,Horeca,1258,111,8.823529411764707
2021,5,OV medewerkers,OV medewerkers,355,22,6.197183098591549
2021,5,Handhaving,Handhaving,1696,161,9.492924528301886
2021,5,Contactberoep,"Kappers, manicures, pedicures en schoonheidsspecialisten",0,0,
2021,5,Contactberoep,Overige contactberoepen,17471,1603,9.175204624806822
2021,5,Mantelzorgers,Mantelzorgers,429,26,6.0606060606060606
2021,5,Overige niet-contact beroepen,Overige niet-contact beroepen,32918,2686,8.159669481742512
2021,5,BCO,Getest ihkv BCO (0-3 jaar),378,81,21.428571428571427
2021,5,BCO,Getest ihkv BCO (4-12 jaar),3120,768,24.615384615384617
2021,5,BCO,Getest ihkv BCO (13-17 jaar),2472,560,22.653721682847898
2021,5,BCO,Getest ihkv BCO (18+),29419,5348,18.17872803290391
2021,5,Overig/onbekend,Overig/onbekend,82181,7747,9.426753142453851
2021,6,Zorgmedewerkers,Zorgmedewerkers ziekenhuizen,1637,127,7.758094074526572
2021,6,Zorgmedewerkers,Zorgmedewerkers verpleeg- of verzorgingshuizen,4144,421,10.15926640926641
2021,6,Zorgmedewerkers,Zorgmedewerkers elders,9027,788,8.729367453195968
2021,6,Onderwijs,Kinderopvang medewerkers,1827,113,6.185002736726874
2021,6,Onderwijs,Basisschool- en BSO personeel,4301,235,5.463845617298302
2021,6,Onderwijs,Middelbaar onderwijspersoneel,1545,106,6.86084142394822
2021,6,Onderwijs,Hoger onderwijspersoneel,1576,90,5.710659898477157
2021,6,Horeca,Horeca,1000,83,8.3
2021,6,OV medewerkers,OV medewerkers,312,30,9.615384615384617
2021,6,Handhaving,Handhaving,1484,163,10.983827493261455
2021,6,Contactberoep,"Kappers, manicures, pedicures en schoonheidsspecialisten",0,0,
2021,6,Contactberoep,Overige contactberoepen,15905,1563,9.827098396730587
2021,6,Mantelzorgers,Mantelzorgers,343,36,10.495626822157435
2021,6,Overige niet-contact beroepen,Overige niet-contact beroepen,27110,2538,9.361859092585762
2021,6,BCO,Getest ihkv BCO (0-3 jaar),524,104,19.84732824427481
2021,6,BCO,Getest ihkv BCO (4-12 jaar),4484,830,18.510258697591436
2021,6,BCO,Getest ihkv BCO (13-17 jaar),2610,583,22.337164750957854
2021,6,BCO,Getest ihkv BCO (18+),29972,5489,18.31375950887495
2021,6,Overig/onbekend,Overig/onbekend,82333,8063,9.793157057316021
2021,7,Zorgmedewerkers,Zorgmedewerkers ziekenhuizen,1919,131,6.8264721208963
2021,7,Zorgmedewerkers,Zorgmedewerkers verpleeg- of verzorgingshuizen,4274,363,8.493214787084698
2021,7,Zorgmedewerkers,Zorgmedewerkers elders,11004,764,6.942929843693202
2021,7,Onderwijs,Kinderopvang medewerkers,2894,247,8.5348997926745
2021,7,Onderwijs,Basisschool- en BSO personeel,7000,429,6.128571428571428
2021,7,Onderwijs,Middelbaar onderwijspersoneel,2090,120,5.741626794258373
2021,7,Onderwijs,Hoger onderwijspersoneel,2372,106,4.4688026981450255
2021,7,Horeca,Horeca,1625,148,9.107692307692309
2021,7,OV medewerkers,OV medewerkers,446,39,8.74439461883408
2021,7,Handhaving,Handhaving,1740,142,8.160919540229886
2021,7,Contactberoep,"Kappers, manicures, pedicures en schoonheidsspecialisten",83,3,3.614457831325301
2021,7,Contactberoep,Overige contactberoepen,21461,1963,9.146824472298588
2021,7,Mantelzorgers,Mantelzorgers,402,23,5.721393034825871
2021,7,Overige niet-contact beroepen,Overige niet-contact beroepen,35761,2920,8.165319761751629
2021,7,BCO,Getest ihkv BCO (0-3 jaar),804,125,15.547263681592039
2021,7,BCO,Getest ihkv BCO (4-12 jaar),7463,1127,15.101165751038456
2021,7,BCO,Getest ihkv BCO (13-17 jaar),2955,614,20.77834179357022
2021,7,BCO,Getest ihkv BCO (18+),33947,6051,17.824844610716706
2021,7,Overig/onbekend,Overig/onbekend,125051,10228,8.179062942319533
2021,8,Zorgmedewerkers,Zorgmedewerkers ziekenhuizen,2365,169,7.145877378435518
2021,8,Zorgmedewerkers,Zorgmedewerkers verpleeg- of verzorgingshuizen,4305,322,7.479674796747967
2021,8,Zorgmedewerkers,Zorgmedewerkers elders,12247,770,6.287254021392995
2021,8,Onderwijs,Kinderopvang medewerkers,3523,201,5.705364745955152
2021,8,Onderwijs,Basisschool- en BSO personeel,7872,425,5.398882113821138
2021,8,Onderwijs,Middelbaar onderwijspersoneel,2287,144,6.2964582422387405
2021,8,Onderwijs,Hoger onderwijspersoneel,2879,151,5.244876693296283
2021,8,Horeca,Horeca,1890,157,8.306878306878307
2021,8,OV medewerkers,OV medewerkers,450,47,10.444444444444445
2021,8,Handhaving,Handhaving,2292,160,6.980802792321117
2021,8,Contactberoep,"Kappers, manicures, pedicures en schoonheidsspecialisten",139,8,5.755395683453238
2021,8,Contactberoep,Overige contactberoepen,25487,2119,8.314042453015261
2021,8,Mantelzorgers,Mantelzorgers,505,30,5.9405940594059405
2021,8,Overige niet-contact beroepen,Overige niet-contact beroepen,43657,3371,7.72155668048652
2021,8,BCO,Getest ihkv BCO (0-3 jaar),1411,167,11.835577604535791
2021,8,BCO,Getest ihkv BCO (4-12 jaar),9576,1409,14.713868003341688
2021,8,BCO,Getest ihkv BCO (13-17 jaar),3660,714,19.508196721311474
2021,8,BCO,Getest ihkv BCO (18+),40771,6348,15.569890363248387
2021,8,Overig/onbekend,Overig/onbekend,152045,11351,7.465552961294354
2021,9,Zorgmedewerkers,Zorgmedewerkers ziekenhuizen,2497,128,5.12615138165799
2021,9,Zorgmedewerkers,Zorgmedewerkers verpleeg- of verzorgingshuizen,4276,249,5.823199251637044
2021,9,Zorgmedewerkers,Zorgmedewerkers elders,12796,695,5.431384807752423
2021,9,Onderwijs,Kinderopvang medewerkers,3985,222,5.570890840652447
2021,9,Onderwijs,Basisschool- en BSO personeel,10834,402,3.710540889791397
2021,9,Onderwijs,Middelbaar onderwijspersoneel,3422,168,4.909409701928697
2021,9,Onderwijs,Hoger onderwijspersoneel,4226,224,5.3005205868433505
2021,9,Horeca,Horeca,2206,152,6.890299184043518
2021,9,OV medewerkers,OV medewerkers,529,42,7.9395085066162565
2021,9,Handhaving,Handhaving,2412,153,6.343283582089552
2021,9,Contactberoep,"Kappers, manicures, pedicures en schoonheidsspecialisten",378,24,6.349206349206349
2021,9,Contactberoep,Overige contactberoepen,28169,2244,7.966203983101991
2021,9,Mantelzorgers,Mantelzorgers,481,33,6.860706860706861
2021,9,Overige niet-contact beroepen,Overige niet-contact beroepen,48009,3438,7.161157283009436
2021,9,BCO,Getest ihkv BCO (0-3 jaar),1325,162,12.226415094339622
2021,9,BCO,Getest ihkv BCO (4-12 jaar),12102,1508,12.460750289208395
2021,9,BCO,Getest ihkv BCO (13-17 jaar),4434,755,17.027514659449707
2021,9,BCO,Getest ihkv BCO (18+),42640,6514,15.276735459662289
2021,9,Overig/onbekend,Overig/onbekend,176679,11722,6.634631167258134
2021,10,Zorgmedewerkers,Zorgmedewerkers ziekenhuizen,2919,165,5.65262076053443
2021,10,Zorgmedewerkers,Zorgmedewerkers verpleeg- of verzorgingshuizen,5111,302,5.9088241048718455
2021,10,Zorgmedewerkers,Zorgmedewerkers elders,15199,885,5.822751496809
2021,10,Onderwijs,Kinderopvang medewerkers,4712,253,5.369269949066214
2021,10,Onderwijs,Basisschool- en BSO personeel,17682,706,3.9927609998868907
2021,10,Onderwijs,Middelbaar onderwijspersoneel,5488,282,5.1384839650145775
2021,10,Onderwijs,Hoger onderwijspersoneel,6573,293,4.45762969724631
2021,10,Horeca,Horeca,2269,172,7.58043190832966
2021,10,OV medewerkers,OV medewerkers,618,56,9.06148867313916
2021,10,Handhaving,Handhaving,2685,170,6.33147113594041
2021,10,Contactberoep,"Kappers, manicures, pedicures en schoonheidsspecialisten",1088,87,7.9963235294117645
2021,10,Contactberoep,Overige contactberoepen,32735,2623,8.01283030395601
2021,10,Mantelzorgers,Mantelzorgers,539,33,6.122448979591836
2021,10,Overige niet-contact beroepen,Overige niet-contact beroepen,57350,4076,7.1072362685265915
2021,10,BCO,Getest ihkv BCO (0-3 jaar),1597,168,10.519724483406387
2021,10,BCO,Getest ihkv BCO (4-12 jaar),20646,1975,9.56601763053376
2021,10,BCO,Getest ihkv BCO (13-17 jaar),6179,977,15.81162000323677
2021,10,BCO,Getest ihkv BCO (18+),50999,7810,15.314025765211085
2021,10,Overig/onbekend,Overig/onbekend,226455,14177,6.260404936963193
2021,11,Zorgmedewerkers,Zorgmedewerkers ziekenhuizen,3083,171,5.546545572494323
2021,11,Zorgmedewerkers,Zorgmedewerkers verpleeg- of verzorgingshuizen,5516,333,6.0369833212472805
2021,11,Zorgmedewerkers,Zorgmedewerkers elders,16013,909,5.676637731842877
2021,11,Onderwijs,Kinderopvang medewerkers,4908,247,5.032599837000816
2021,11,Onderwijs,Basisschool- en BSO personeel,19703,782,3.968938740293356
2021,11,Onderwijs,Middelbaar onderwijspersoneel,6591,387,5.871643149749659
2021,11,Onderwijs,Hoger onderwijspersoneel,8407,458,5.447841084810277
2021,11,Horeca,Horeca,2578,204,7.91311093871218
2021,11,OV medewerkers,OV medewerkers,661,54,8.169440242057489
2021,11,Handhaving,Handhaving,2790,190,6.810035842293908
2021,11,Contactberoep,"Kappers, manicures, pedicures en schoonheidsspecialisten",1196,106,8.862876254180602
2021,11,Contactberoep,Overige contactberoepen,35557,3121,8.77745591585342
2021,11,Mantelzorgers,Mantelzorgers,557,38,6.822262118491921
2021,11,Overige niet-contact beroepen,Overige niet-contact beroepen,58738,4397,7.4857843304164255
2021,11,BCO,Getest ihkv BCO (0-3 jaar),1836,191,10.403050108932462
2021,11,BCO,Getest ihkv BCO (4-12 jaar),25085,2449,9.762806458042656
2021,11,BCO,Getest ihkv BCO (13-17 jaar),8070,1266,15.687732342007434
2021,11,BCO,Getest ihkv BCO (18+),57490,8715,15.159158114454687
2021,11,Overig/onbekend,Overig/onbekend,258559,17424,6.738887449286237
